Time (s), Cell Name, Value
35.086889, C00, 3.32905
35.286814, C00, 2.584396
116.556447, C00, 2.65802
116.656409, C00, 3.808154
117.05626, C00, 4.277645
265.900642, C00, 2.711364
266.000604, C00, 2.527863
266.100567, C00, 3.192547
433.538001, C00, 3.448268
433.637964, C00, 3.4717
433.837889, C00, 3.982707
566.688248, C00, 3.601498
566.8881730000001, C00, 4.15288
581.582682, C00, 4.486934
581.782607, C00, 5.042971
790.204727, C00, 3.190222
790.6045769999999, C00, 4.912531
790.70454, C00, 2.821315
1001.325838, C00, 5.137086
1001.425801, C00, 2.493407
1001.625726, C00, 3.010916
1079.696553, C00, 3.430991
1079.796516, C00, 3.464085
1080.196367, C00, 3.819429
1080.296329, C00, 4.569675
1264.727414, C00, 3.273055
1264.927339, C00, 3.184497
1446.048241, C00, 3.5229
1446.148165, C00, 3.761963
1446.647785, C00, 2.581314
1468.531144, C00, 4.278066
1468.93084, C00, 4.921255
1469.030764, C00, 3.805194
1469.130688, C00, 5.256289
1491.813439, C00, 4.379106
1492.013287, C00, 5.450916
1507.501509, C00, 2.673178
1507.701357, C00, 4.546628
1508.101053, C00, 3.959557
1512.797482, C00, 4.374009
1512.897406, C00, 3.557405
1512.99733, C00, 5.514136
1538.078257, C00, 3.210453
1540.976054, C00, 3.940651
1541.37575, C00, 3.950493
1541.475674, C00, 4.590238
1551.268227, C00, 2.790985
1551.468075, C00, 2.976192
1551.567999, C00, 2.96755
1551.767847, C00, 6.993012
1551.867771, C00, 3.21871
1551.967695, C00, 3.063183
1554.56572, C00, 3.263787
1577.648167, C00, 4.126292
1578.147787, C00, 2.691218
1578.247711, C00, 5.188115
1578.647407, C00, 4.722049
1592.237073, C00, 3.117638
1592.336997, C00, 2.676935
1592.436921, C00, 3.135941
1592.836617, C00, 6.352626
1593.136389, C00, 3.400673
1613.520888, C00, 3.471026
1613.82066, C00, 4.22063
1619.016709, C00, 4.644873
1619.116633, C00, 5.861252
1619.216557, C00, 4.395419
1619.316481, C00, 3.119223
1643.598016, C00, 3.938164
1643.69794, C00, 5.455249
1643.897788, C00, 3.345536
1664.382211, C00, 2.744962
1664.482135, C00, 4.726474
1664.781907, C00, 3.735861
1731.930844, C00, 3.366674
1732.33054, C00, 4.064045
1737.526589, C00, 4.667973
1737.626513, C00, 3.131903
1737.726437, C00, 2.820712
1737.826361, C00, 4.532527
1738.825601, C00, 2.663177
1746.819522, C00, 6.374066
1747.01937, C00, 2.892656
1747.119294, C00, 3.180957
1768.802805, C00, 4.477251
1768.902729, C00, 4.796153
1769.002653, C00, 4.032935
1773.099538, C00, 2.612461
1811.870055, C00, 5.875819
1815.167548, C00, 4.305145
1815.267472, C00, 2.859591
1815.367396, C00, 4.120002
1815.567244, C00, 7.039889
1815.867016, C00, 2.854595
1840.648171, C00, 2.54543
1841.147791, C00, 5.445922
1861.931986, C00, 3.158426
1862.03191, C00, 2.746005
1862.231758, C00, 4.233582
1862.53153, C00, 7.046974
1862.731378, C00, 4.201962
1865.729099, C00, 4.155884
1865.829023, C00, 3.978219
1865.928947, C00, 7.599641
1866.028871, C00, 3.607222
1867.028111, C00, 2.54858
1869.126515, C00, 2.569993
1881.017473, C00, 4.607906
1881.317245, C00, 2.602191
1881.417169, C00, 4.672668
1897.205163, C00, 4.118881
1897.405011, C00, 3.802943
1897.504935, C00, 4.13237
1903.200604, C00, 4.035469
1903.400452, C00, 3.078201
1903.500376, C00, 2.857281
1903.6003, C00, 5.674885
1905.299008, C00, 4.051003
1905.398932, C00, 6.766406
1905.498856, C00, 3.688375
1905.798628, C00, 2.834322
1907.09764, C00, 2.898861
1938.373857, C00, 3.674497
1938.673629, C00, 7.175718
1949.565346, C00, 2.70658
1950.66451, C00, 2.863414
1950.764434, C00, 3.689282
1950.964282, C00, 4.345575
1951.363978, C00, 3.183023
1951.66375, C00, 6.533155
1951.963523, C00, 2.638964
1952.063447, C00, 6.776031
1952.163371, C00, 3.062353
1952.263295, C00, 4.024866
1953.362459, C00, 3.638706
1954.861319, C00, 2.68033
1955.560787, C00, 3.102099
1991.333584, C00, 4.518024
1991.433508, C00, 4.275083
1991.833204, C00, 2.559069
1991.933128, C00, 6.075825
1992.033052, C00, 3.374018
1992.132976, C00, 4.771044
1992.932368, C00, 6.831644
1993.032292, C00, 2.666607
1993.132216, C00, 5.968565
1993.23214, C00, 3.877243
1993.332064, C00, 3.444504
1993.531912, C00, 2.61005
1993.631836, C00, 6.668446
1993.73176, C00, 2.739502
1994.131456, C00, 2.715034
1994.431228, C00, 2.576454
1998.228341, C00, 2.882477
5.198058, C01, 6.036707
11.995518, C01, 4.531688
24.190961, C01, 5.653155
24.290923, C01, 9.460501
25.6904, C01, 3.975962
25.790363, C01, 3.489726
31.388271, C01, 6.322173
32.887711, C01, 6.160069
39.28532, C01, 3.909365
42.784013, C01, 10.57529
71.073442, C01, 3.525022
72.17303099999999, C01, 6.03002
72.272994, C01, 10.53957
72.97273300000001, C01, 4.936309
73.072695, C01, 4.480489
91.36586, C01, 3.729846
92.365486, C01, 2.544005
93.864926, C01, 4.777606
94.364739, C01, 3.221153
102.561676, C01, 7.283847
103.46134, C01, 5.144398
103.561303, C01, 12.22637
106.360257, C01, 3.038435
106.460219, C01, 8.961782
107.059995, C01, 6.439321
110.058875, C01, 8.282909
135.149499, C01, 8.557703
135.249462, C01, 9.114675
136.948827, C01, 3.091483
137.048789, C01, 8.759937
138.94808, C01, 2.797472
155.541879, C01, 6.089496
158.540759, C01, 4.579539
158.940609, C01, 2.613652
162.439302, C01, 4.085233
167.537397, C01, 10.81697
167.63736, C01, 2.508515
194.527312, C01, 8.147566
207.822344, C01, 4.389342
207.922306, C01, 7.763649
209.721634, C01, 2.507653
209.821597, C01, 8.587653
221.417264, C01, 3.402426
222.41689, C01, 6.406807
222.616816, C01, 3.412053
223.216591, C01, 6.178291
223.316554, C01, 4.181606
224.016293, C01, 4.258978
245.208374, C01, 5.06841
250.206506, C01, 8.372814
251.10617, C01, 3.063709
251.306095, C01, 9.153435
251.605983, C01, 2.783324
251.705946, C01, 5.37452
253.305348, C01, 5.889389
253.405311, C01, 15.32036
253.505274, C01, 9.218657
267.600007, C01, 6.451799
298.68839, C01, 4.430673
298.788353, C01, 2.526371
298.888315, C01, 12.00561
330.176624, C01, 4.494658
330.276587, C01, 5.063353
347.670087, C01, 8.634261
351.868518, C01, 3.170922
352.568257, C01, 2.905011
352.66822, C01, 5.027476
356.766688, C01, 4.058165
364.363849, C01, 4.033468
364.463812, C01, 3.445418
374.460077, C01, 3.887786
374.560039, C01, 14.71496
374.660002, C01, 7.747355
406.148236, C01, 5.755834
406.248199, C01, 14.53815
406.348161, C01, 6.513395
408.247452, C01, 2.805776
411.646182, C01, 9.912334
413.84536, C01, 9.648541
420.942708, C01, 3.644671
423.841625, C01, 5.980131
424.04155, C01, 3.512627
427.340317, C01, 2.690822
427.44028, C01, 11.19727
430.739047, C01, 6.484365
439.635723, C01, 3.99591
440.035573, C01, 5.745396
440.135536, C01, 15.26038
452.131054, C01, 2.52064
469.524554, C01, 3.088674
483.71925, C01, 4.08375
483.819213, C01, 4.442273
489.517084, C01, 9.929106
498.81361, C01, 2.761537
500.013162, C01, 5.085298
500.113124, C01, 4.69001
504.911331, C01, 2.813148
505.011294, C01, 11.46954
507.010547, C01, 3.489466
518.606214, C01, 5.393618
518.706177, C01, 8.748212
524.404048, C01, 2.509212
538.898632, C01, 3.876407
538.998594, C01, 3.943503
543.097063, C01, 3.14782
543.1970250000001, C01, 8.364462
594.477863, C01, 8.011279
594.577826, C01, 13.82384
596.377154, C01, 3.578483
597.876593, C01, 7.760881
597.976556, C01, 10.7364
632.763557, C01, 3.327967
632.86352, C01, 7.411636
661.452837, C01, 5.876002
662.252538, C01, 5.091222
663.45209, C01, 2.706042
663.552053, C01, 8.515591
679.746002, C01, 4.72396
688.7426400000001, C01, 10.34157
688.8426020000001, C01, 7.299062
704.436775, C01, 4.463692
708.435281, C01, 5.361785
708.535244, C01, 12.15924
708.635207, C01, 11.28729
709.934721, C01, 6.09812
711.734049, C01, 4.265757
711.933974, C01, 4.148043
712.033937, C01, 6.289417
712.233862, C01, 3.089064
712.333825, C01, 12.80973
712.6337129999999, C01, 2.749826
712.7336749999999, C01, 6.828566
712.833638, C01, 3.403135
715.032816, C01, 2.792946
718.931359, C01, 10.03236
719.031322, C01, 2.816049
750.519556, C01, 2.566742
750.619519, C01, 7.274463
753.0186220000001, C01, 6.651438
775.710143, C01, 12.06168
804.599348, C01, 8.369278
815.695202, C01, 5.490855
815.795165, C01, 6.910998
816.39494, C01, 4.750328
816.494903, C01, 4.518721
822.692587, C01, 6.093266
847.483324, C01, 5.773518
848.682876, C01, 5.535271
859.278916, C01, 10.37914
864.377011, C01, 4.203199
865.176712, C01, 11.18653
877.672043, C01, 11.65944
877.772006, C01, 5.969936
893.865992, C01, 4.094858
893.965955, C01, 3.65291
894.765656, C01, 3.858222
894.865619, C01, 3.383648
912.559007, C01, 6.781482
912.65897, C01, 3.21242
912.958858, C01, 7.343295
913.05882, C01, 5.406981
936.949893, C01, 4.884036
980.333682, C01, 8.754327
999.326585, C01, 7.454058
999.726436, C01, 9.312215
1004.224755, C01, 6.938917
1004.924493, C01, 7.253407
1005.92412, C01, 3.381218
1007.023709, C01, 6.490505
1009.022962, C01, 12.11244
1009.122924, C01, 3.203552
1013.221393, C01, 2.859199
1036.712615, C01, 5.785845
1042.110598, C01, 8.600323
1046.109104, C01, 2.502093
1050.007647, C01, 9.71018
1064.402268, C01, 2.911483
1089.892743, C01, 5.981956
1089.992706, C01, 7.649909
1093.191511, C01, 2.809129
1093.291473, C01, 5.511545
1094.690951, C01, 3.47497
1094.890876, C01, 7.75605
1094.990838, C01, 4.810274
1098.089681, C01, 3.874852
1098.489531, C01, 5.610699
1098.589494, C01, 10.94615
1119.181799, C01, 8.562758
1119.281762, C01, 4.795803
1123.780081, C01, 3.928842
1125.779334, C01, 3.981436
1148.270929, C01, 8.227015
1148.370892, C01, 3.704246
1200.751319, C01, 9.476892
1200.851282, C01, 4.243716
1202.65061, C01, 7.796869
1205.049713, C01, 4.33594
1205.149676, C01, 8.944607
1205.249638, C01, 10.19855
1205.749452, C01, 2.958747
1208.048593, C01, 3.149238
1209.548032, C01, 5.208686
1209.747958, C01, 3.664306
1222.343251, C01, 3.807316
1244.734884, C01, 3.245306
1244.834847, C01, 5.061876
1258.129879, C01, 2.846282
1258.229841, C01, 4.054875
1263.727787, C01, 7.674878
1269.225733, C01, 3.527436
1274.123902, C01, 3.122302
1281.121288, C01, 7.286613
1433.257967, C01, 11.25572
1433.357891, C01, 5.089973
1436.455535, C01, 9.293857
1439.653104, C01, 3.813629
1439.852952, C01, 6.44116
1443.749988, C01, 5.061366
1443.849912, C01, 6.910653
1446.747709, C01, 4.119976
1446.847633, C01, 3.838367
1453.342694, C01, 5.675965
1453.542542, C01, 7.071856
1473.327496, C01, 5.173423
1473.42742, C01, 12.44598
1473.527344, C01, 3.823286
1473.627268, C01, 3.877949
1475.825597, C01, 3.404535
1477.124609, C01, 3.158691
1477.324457, C01, 4.358895
1498.708196, C01, 3.474004
1498.80812, C01, 8.793613
1501.406144, C01, 9.228305
1501.605992, C01, 4.127926
1501.705916, C01, 6.470509
1504.803561, C01, 5.229992
1508.101053, C01, 3.632984
1513.097254, C01, 6.981087
1514.49619, C01, 2.722588
1514.596114, C01, 2.953254
1519.492391, C01, 3.612274
1519.592315, C01, 10.04455
1529.284944, C01, 3.757538
1539.776966, C01, 4.931034
1546.172102, C01, 8.878972
1555.165264, C01, 9.690613
1555.265188, C01, 3.411625
1567.555841, C01, 4.179009
1573.651206, C01, 2.552436
1586.241632, C01, 5.154457
1586.541404, C01, 5.458078
1586.641328, C01, 5.029644
1588.839656, C01, 2.584661
1588.93958, C01, 12.17106
1589.139428, C01, 7.284966
1589.738973, C01, 2.980448
1591.937301, C01, 3.569257
1592.037225, C01, 9.211084
1597.433122, C01, 2.99453
1597.932742, C01, 5.156183
1601.030386, C01, 5.934003
1601.13031, C01, 4.816257
1601.230234, C01, 2.659388
1602.229474, C01, 2.607799
1613.720736, C01, 5.162171
1619.216557, C01, 3.24405
1619.316481, C01, 4.60003
1623.613213, C01, 3.535103
1624.012909, C01, 4.098074
1624.912225, C01, 4.867336
1635.304323, C01, 4.292607
1638.401967, C01, 2.838804
1638.701739, C01, 3.298273
1642.299004, C01, 5.029229
1646.096116, C01, 7.445202
1646.69566, C01, 3.05322
1649.993153, C01, 6.278112
1652.890949, C01, 6.120239
1657.187682, C01, 3.20581
1657.287606, C01, 5.275058
1657.38753, C01, 4.04829
1663.782667, C01, 3.225049
1664.881831, C01, 7.5327
1665.081679, C01, 5.480305
1675.07408, C01, 5.888649
1678.171725, C01, 4.308949
1678.371573, C01, 7.523123
1678.471497, C01, 4.828251
1678.571421, C01, 5.314334
1689.962758, C01, 3.48323
1699.95516, C01, 4.031019
1700.055084, C01, 4.424585
1704.251892, C01, 4.134814
1709.647789, C01, 3.375673
1709.747713, C01, 4.50254
1714.743914, C01, 5.684193
1719.240494, C01, 6.092726
1719.340418, C01, 12.82623
1719.840038, C01, 5.522344
1721.438823, C01, 5.131804
1721.538747, C01, 3.283292
1721.838519, C01, 7.648743
1721.938443, C01, 7.568782
1722.138291, C01, 2.735737
1725.935403, C01, 2.968217
1726.035327, C01, 5.989729
1731.031528, C01, 7.616502
1731.131452, C01, 2.969613
1741.923246, C01, 6.796988
1745.120814, C01, 7.378501
1748.917926, C01, 11.44538
1749.017851, C01, 2.714293
1769.202501, C01, 3.448324
1769.302425, C01, 8.936948
1769.402349, C01, 6.972829
1770.201741, C01, 6.878645
1773.89893, C01, 3.260694
1773.998854, C01, 7.838688
1774.598398, C01, 4.067513
1778.995055, C01, 9.185259
1779.094979, C01, 3.252163
1792.984417, C01, 4.3429
1793.384113, C01, 8.51517
1793.484037, C01, 3.566032
1809.072183, C01, 6.472641
1817.166028, C01, 2.85026
1817.265952, C01, 3.32086
1817.565724, C01, 2.766595
1817.665648, C01, 3.101183
1817.96542, C01, 3.153095
1818.065344, C01, 7.016116
1818.165268, C01, 5.408703
1818.265192, C01, 3.707762
1818.664888, C01, 2.71362
1835.252274, C01, 6.797779
1835.751894, C01, 2.674012
1838.349919, C01, 4.705834
1841.347639, C01, 2.607768
1841.447563, C01, 5.605771
1853.038749, C01, 6.59833
1853.138673, C01, 4.751301
1857.935026, C01, 5.470458
1858.53457, C01, 2.997195
1865.329403, C01, 3.038444
1865.629175, C01, 8.005233
1867.128035, C01, 2.966112
1870.325603, C01, 5.177135
1870.425527, C01, 6.393407
1876.72074, C01, 5.754247
1880.917549, C01, 3.030722
1891.809266, C01, 5.791934
1898.104479, C01, 3.63617
1898.304327, C01, 3.775365
1898.504175, C01, 6.271114
1898.704023, C01, 3.45962
1919.28837, C01, 3.801741
1919.388294, C01, 2.662044
1923.085483, C01, 6.044726
1926.283051, C01, 4.275588
1929.880315, C01, 4.174716
1940.072565, C01, 3.043232
1940.372337, C01, 9.400704
1946.467702, C01, 3.04949
1946.567626, C01, 6.865515
1946.867398, C01, 2.835738
1947.267094, C01, 5.996504
1957.059647, C01, 5.685293
1959.757596, C01, 4.293732
1960.157292, C01, 3.746458
1964.254176, C01, 4.302491
1964.753796, C01, 6.771785
1965.35334, C01, 3.224226
1965.453264, C01, 7.160033
1965.753036, C01, 3.090515
1966.252656, C01, 3.246352
1969.550149, C01, 3.948722
1969.650073, C01, 8.802658
1974.04673, C01, 4.709388
1993.73176, C01, 3.876902
2000.326745, C01, 12.02692
2000.426669, C01, 2.65339
2006.721882, C01, 3.15061
2009.219982, C01, 5.398381
2009.319906, C01, 3.407452
2010.019375, C01, 7.016353
2020.1117, C01, 7.494545
2022.210104, C01, 4.276693
2022.909572, C01, 2.611926
2023.10942, C01, 7.30672
2026.007217, C01, 4.988117
2034.600682, C01, 3.866941
2034.700606, C01, 3.4453
2036.699086, C01, 2.922141
2037.29863, C01, 6.170958
2037.598402, C01, 3.085635
2038.697566, C01, 3.780962
2039.297111, C01, 3.535213
2039.397035, C01, 3.465158
2042.894375, C01, 3.263294
2043.194147, C01, 5.347836
2056.683889, C01, 6.650805
144.845876, C02, 3.999718
291.790967, C02, 3.460332
291.990893, C02, 3.123044
292.390743, C02, 3.872141
292.490706, C02, 3.795933
292.790594, C02, 2.527654
292.890557, C02, 4.390867
479.820707, C02, 2.803401
480.220558, C02, 4.38095
556.6919830000001, C02, 4.087427
556.9918709999999, C02, 3.146049
1004.524643, C02, 3.541105
1103.487663, C02, 3.512665
1103.687589, C02, 2.823921
1103.887514, C02, 3.321787
1103.987477, C02, 3.727509
1450.045201, C02, 3.65708
1450.245049, C02, 2.556991
1450.344973, C02, 2.650948
1450.544821, C02, 3.271054
1730.931604, C02, 3.715326
1824.660329, C02, 4.033947
1824.860177, C02, 3.946881
1825.060025, C02, 2.625939
2007.42135, C02, 4.104014
2007.821046, C02, 2.969481
2011.118539, C02, 2.648793
1529.284944, C05, 2.751256
1529.484792, C05, 3.514162
1529.784564, C05, 3.504254
1529.884488, C05, 2.963675
1530.284184, C05, 3.948228
1587.041024, C05, 3.129665
1610.723015, C05, 2.979924
1610.822939, C05, 3.00857
1611.022787, C05, 2.817876
1611.122711, C05, 4.116682
1611.322559, C05, 4.437965
1611.622332, C05, 3.638969
1611.722256, C05, 3.149326
1611.82218, C05, 4.028496
1612.121952, C05, 2.711229
1612.3218, C05, 2.62533
1612.82142, C05, 2.642923
388.254922, C06, 4.890433
388.354885, C06, 8.147169
388.454847, C06, 5.924007
388.55481, C06, 6.859819
903.962219, C06, 3.829089
904.062182, C06, 2.606662
904.162145, C06, 7.660747
904.262107, C06, 6.537975
904.36207, C06, 4.855541
1195.753187, C06, 2.705186
1195.85315, C06, 7.927514
1195.953112, C06, 4.040474
1196.053075, C06, 5.79839
1196.153038, C06, 6.058056
1196.352963, C06, 3.919962
1196.552888, C06, 3.760435
1646.595736, C06, 3.52119
1646.69566, C06, 6.88807
1646.795584, C06, 5.745203
1646.895508, C06, 5.171436
1646.995432, C06, 5.815849
1762.507592, C06, 3.015918
1765.105617, C06, 2.837396
1414.372328, C07, 2.84748
1415.371568, C07, 3.360031
1463.534943, C07, 2.98213
1467.9316, C07, 4.995765
1468.531144, C07, 2.861488
1528.485552, C07, 4.388978
1528.585476, C07, 3.105365
1528.885248, C07, 4.768106
1563.958577, C07, 3.505592
1565.257589, C07, 4.77489
1590.338517, C07, 3.158088
1681.269369, C07, 2.756639
1681.669065, C07, 3.676289
1681.968837, C07, 3.93809
1684.666786, C07, 2.820186
1684.966558, C07, 3.01778
1737.226817, C07, 2.807444
1747.918686, C07, 2.922323
1749.017851, C07, 3.587181
1777.596118, C07, 3.569863
1822.661849, C07, 2.844182
1837.950223, C07, 3.033302
1878.71922, C07, 2.759279
1879.21884, C07, 3.243248
1909.595741, C07, 2.994743
1933.577504, C07, 2.983429
1944.868918, C07, 3.849118
1945.068766, C07, 3.126307
1989.7348, C07, 3.708911
1991.033812, C07, 2.853854
2054.185789, C07, 2.998201
2055.185029, C07, 2.748627
10.296153, C08, 2.875593
10.795966, C08, 2.632477
11.195816, C08, 4.542175
25.990288, C08, 2.606875
32.887711, C08, 3.154099
87.36735400000001, C08, 3.710973
131.850732, C08, 2.812151
131.950694, C08, 3.062214
135.149499, C08, 4.231892
135.349424, C08, 3.943705
135.54935, C08, 4.557189
221.917077, C08, 5.810137
361.764821, C08, 2.823081
401.150104, C08, 3.145883
402.249693, C08, 2.895874
404.248946, C08, 4.759103
470.824069, C08, 5.478618
491.616299, C08, 2.578713
498.81361, C08, 3.734004
598.87622, C08, 2.714488
600.275697, C08, 3.339658
624.16677, C08, 2.810107
654.155564, C08, 3.199121
654.355489, C08, 3.387007
672.648654, C08, 3.974235
672.848579, C08, 3.344049
713.233488, C08, 4.533408
713.433414, C08, 2.898803
717.731808, C08, 2.760692
719.031322, C08, 3.170006
719.3312100000001, C08, 3.633982
721.130538, C08, 3.355898
723.129791, C08, 3.620699
729.927251, C08, 2.686611
798.701552, C08, 4.438824
798.801515, C08, 3.25951
798.901477, C08, 4.284711
811.296845, C08, 3.927662
817.294604, C08, 2.863508
818.894007, C08, 2.695285
822.092811, C08, 3.223629
860.578431, C08, 2.761564
862.677646, C08, 3.576081
926.953628, C08, 4.547101
947.545934, C08, 3.710273
947.645896, C08, 2.660824
949.245299, C08, 4.521454
954.94317, C08, 3.824076
1020.318741, C08, 2.572845
1022.317994, C08, 2.767123
1022.717844, C08, 2.792302
1022.91777, C08, 3.553198
1026.216537, C08, 2.781663
1147.071378, C08, 3.151036
1179.25935, C08, 2.76243
1183.657707, C08, 3.692857
1185.65696, C08, 3.216036
1190.155279, C08, 3.164713
1190.255241, C08, 2.641082
1216.64538, C08, 2.73542
1234.138843, C08, 2.624814
1251.532344, C08, 4.18701
1251.632307, C08, 4.427304
1254.131373, C08, 4.801951
1273.824014, C08, 3.14108
1544.973014, C08, 2.862921
1652.791025, C08, 2.969041
1656.088518, C08, 2.60957
1762.70744, C08, 2.760153
1952.463143, C08, 3.674559
1968.251137, C08, 3.228858
1969.650073, C08, 4.261755
1973.846882, C08, 2.711012
1979.442626, C08, 3.386088
25.29055, C11, 4.166394
25.390512, C11, 3.580415
29.888832, C11, 2.57731
33.487487, C11, 4.446519
36.586329, C11, 3.324271
36.986179, C11, 4.951921
37.485993, C11, 4.517281
38.685545, C11, 7.495502
38.785507, C11, 4.538212
39.185358, C11, 4.720715
39.28532, C11, 7.520344
39.385283, C11, 2.565939
39.585208, C11, 3.292509
39.685171, C11, 8.413099
39.785134, C11, 3.98328
41.184611, C11, 4.691877
41.284573, C11, 7.312546
41.384536, C11, 6.73274
41.484499, C11, 2.565773
41.984312, C11, 5.383059
42.084275, C11, 6.627563
42.184237, C11, 7.407349
42.2842, C11, 3.092842
42.784013, C11, 2.775318
43.78364, C11, 2.678167
44.383415, C11, 2.844267
45.383042, C11, 2.550331
117.855961, C11, 6.992656
117.955924, C11, 2.964488
129.451628, C11, 3.406199
151.04356, C11, 2.789109
163.738816, C11, 2.959565
168.03721, C11, 5.253977
174.334857, C11, 3.087603
174.83467, C11, 2.754322
192.128208, C11, 3.178746
195.726863, C11, 2.670031
195.826826, C11, 2.793206
195.926789, C11, 4.081519
214.719766, C11, 2.600602
214.819729, C11, 3.451052
223.116629, C11, 2.849199
223.216591, C11, 3.949952
229.614201, C11, 3.995642
246.907739, C11, 3.616706
249.706693, C11, 3.341953
249.906618, C11, 2.978626
264.601127, C11, 3.036303
266.900268, C11, 4.08229
267.000231, C11, 3.901707
288.192312, C11, 3.440708
289.191939, C11, 3.76507
308.184842, C11, 3.556703
319.680546, C11, 3.143675
382.557051, C11, 2.538838
383.356752, C11, 2.697785
386.455594, C11, 2.693773
387.155333, C11, 3.080522
387.455221, C11, 4.656355
388.354885, C11, 6.698389
388.454847, C11, 3.727777
389.254549, C11, 7.320633
426.340691, C11, 2.896339
432.938225, C11, 3.337496
460.327991, C11, 2.951487
479.720744, C11, 4.846296
495.514843, C11, 3.392534
527.203002, C11, 3.512823
577.884064, C11, 3.286608
578.683765, C11, 3.04653
578.783728, C11, 3.104264
587.2805530000001, C11, 3.433485
590.17947, C11, 3.136481
590.6792830000001, C11, 5.225665
591.179096, C11, 3.280009
591.279059, C11, 4.419022
591.678909, C11, 5.883991
591.778872, C11, 6.874294
592.07876, C11, 2.799797
592.178723, C11, 5.88917
592.278685, C11, 6.179535
592.578573, C11, 5.913092
592.678536, C11, 3.739338
634.5628850000001, C11, 2.566125
654.355489, C11, 2.956226
654.555414, C11, 2.686485
654.75534, C11, 4.012192
675.947421, C11, 3.014518
695.240212, C11, 3.503475
695.340175, C11, 2.613847
701.038045, C11, 3.38081
701.138008, C11, 2.666464
720.330836, C11, 5.091902
721.730313, C11, 4.758591
721.830276, C11, 3.142713
777.609433, C11, 2.924563
794.803009, C11, 3.159212
795.102897, C11, 4.810398
812.99621, C11, 3.999288
813.096173, C11, 2.754432
817.294604, C11, 3.510582
817.3945670000001, C11, 3.715128
857.479588, C11, 2.572721
857.579551, C11, 2.885117
872.27406, C11, 3.107851
889.167748, C11, 2.575152
890.667187, C11, 2.998008
890.967075, C11, 5.610249
896.165133, C11, 3.643951
896.265096, C11, 2.627629
897.164759, C11, 2.59471
897.364685, C11, 5.42204
930.852172, C11, 4.297452
946.546307, C11, 5.013485
946.746233, C11, 3.386528
971.237081, C11, 2.883747
971.337044, C11, 2.889627
974.935699, C11, 3.297409
975.135624, C11, 2.939824
975.235587, C11, 4.677515
1020.618629, C11, 3.308866
1021.918143, C11, 3.233291
1024.317247, C11, 3.735167
1059.204211, C11, 2.811532
1108.585758, C11, 3.387856
1108.685721, C11, 2.883895
1113.883779, C11, 4.84255
1141.473469, C11, 2.529814
1186.256735, C11, 2.885111
1187.156399, C11, 3.18125
1187.356325, C11, 3.372849
1251.232456, C11, 2.550694
1254.231336, C11, 2.693492
1256.630439, C11, 3.096762
1256.730402, C11, 2.675949
1431.559259, C11, 2.842602
1436.455535, C11, 3.061018
1439.453256, C11, 4.074043
1474.626509, C11, 3.177189
1474.726433, C11, 2.809796
1476.525065, C11, 4.359988
1476.624989, C11, 6.130946
1479.922481, C11, 4.371837
1480.022405, C11, 3.593315
1482.920202, C11, 4.987251
1538.677801, C11, 3.040716
1538.777725, C11, 2.982272
1538.877649, C11, 3.473969
1545.272786, C11, 3.291656
1559.0623, C11, 4.546474
1577.148547, C11, 3.915073
1624.612453, C11, 2.789952
1628.309642, C11, 4.258227
1636.603335, C11, 2.882427
1637.902347, C11, 2.865147
1692.860555, C11, 3.213891
1789.387152, C11, 2.862129
1822.062305, C11, 3.030419
1838.449843, C11, 2.985913
1840.748095, C11, 3.226038
1846.543688, C11, 2.799854
1862.03191, C11, 3.358073
1873.72302, C11, 3.520734
1874.022792, C11, 2.913169
1874.122716, C11, 2.735766
1874.22264, C11, 3.767744
1959.3579, C11, 2.715088
1992.932368, C11, 3.038499
2.698991, C15, 7.961608
2.798954, C15, 9.385106
2.898917, C15, 8.075661
2.998879, C15, 10.24782
3.098842, C15, 9.764944
3.198805, C15, 5.312267
3.298767, C15, 3.769878
4.398356, C15, 2.562469
47.782145, C15, 4.103301
47.882108, C15, 7.192695
47.982071, C15, 8.956847
48.082033, C15, 7.133665
48.181996, C15, 2.632006
71.173405, C15, 6.647485
104.660892, C15, 5.865742
104.96078, C15, 2.732316
105.36063, C15, 3.505863
115.15697, C15, 5.304659
115.256932, C15, 9.424457
129.751516, C15, 4.493487
130.951068, C15, 2.753793
131.750769, C15, 3.252879
131.850732, C15, 10.42623
131.950694, C15, 8.970876
232.813006, C15, 2.90814
232.912968, C15, 8.772621
246.807776, C15, 3.928046
246.907739, C15, 4.451448
247.107664, C15, 6.909427
247.207627, C15, 11.79483
247.307589, C15, 3.067608
251.10617, C15, 4.186931
268.699596, C15, 3.474635
268.799559, C15, 7.461361
268.899521, C15, 9.765434
268.999484, C15, 8.157896
269.099447, C15, 3.522047
269.199409, C15, 3.133839
269.299372, C15, 4.539053
269.399334, C15, 4.649866
313.682787, C15, 2.599761
314.482488, C15, 10.5382
314.582451, C15, 12.24499
314.682414, C15, 8.148237
314.782376, C15, 4.527113
320.180359, C15, 3.080324
320.680173, C15, 4.149761
391.453727, C15, 7.250896
392.153465, C15, 3.93139
392.253428, C15, 14.6104
392.353391, C15, 8.569687
437.036694, C15, 8.247009
437.436545, C15, 9.096526
437.536507, C15, 8.941174
441.734938, C15, 7.483031
479.620782, C15, 6.330353
479.720744, C15, 7.159583
479.820707, C15, 8.718121
479.92067, C15, 3.132624
480.020632, C15, 5.416363
543.097063, C15, 2.894195
543.1970250000001, C15, 7.645201
543.2969880000001, C15, 8.544897
581.982533, C15, 2.909117
582.082495, C15, 7.816754
582.182458, C15, 9.489634
591.578947, C15, 11.04434
591.678909, C15, 4.508334
591.778872, C15, 8.289076
591.878835, C15, 3.869099
591.978797, C15, 4.798723
592.578573, C15, 3.70521
595.577453, C15, 2.871899
614.070542, C15, 4.427578
614.170505, C15, 8.273805
614.2704680000001, C15, 5.953653
635.462549, C15, 4.434043
635.562511, C15, 12.47951
635.662474, C15, 12.18077
635.762437, C15, 4.460978
644.359224, C15, 2.682758
644.459187, C15, 5.338098
644.55915, C15, 7.916301
644.6591120000001, C15, 9.354677
669.249924, C15, 6.441453
669.349886, C15, 3.406281
675.647533, C15, 2.908795
675.747496, C15, 7.856885
675.847458, C15, 9.735577
675.947421, C15, 11.265
676.147346, C15, 9.490177
676.247309, C15, 10.35727
677.146973, C15, 3.104706
677.246935, C15, 3.037672
700.83812, C15, 6.697447
700.938083, C15, 8.295761
701.038045, C15, 8.479834
701.138008, C15, 4.897093
702.3375600000001, C15, 8.374759
704.136888, C15, 2.59477
705.236477, C15, 3.415726
708.435281, C15, 7.240289
708.735169, C15, 9.754637
708.835132, C15, 13.80771
778.908948, C15, 5.670063
779.00891, C15, 9.601135
779.108873, C15, 8.016006
795.502747, C15, 10.40434
795.60271, C15, 11.03912
795.702672, C15, 8.923212
844.284519, C15, 3.574802
844.384482, C15, 11.32768
844.4844440000001, C15, 5.367476
847.383361, C15, 7.114442
847.483324, C15, 5.161485
848.1830619999999, C15, 4.980556
887.568345, C15, 4.833082
887.668308, C15, 6.440517
910.859642, C15, 8.437409
910.959605, C15, 9.409291
911.059567, C15, 9.515764
911.15953, C15, 6.975056
948.045747, C15, 2.904862
968.438127, C15, 5.49733
981.933084, C15, 7.428109
982.033047, C15, 10.81289
982.13301, C15, 11.54056
982.832748, C15, 2.817196
1029.515304, C15, 8.522567
1029.615267, C15, 9.0504
1067.401148, C15, 8.280972
1067.50111, C15, 10.39329
1067.900961, C15, 3.410517
1095.090801, C15, 6.009653
1095.190764, C15, 10.19996
1095.290726, C15, 2.834999
1110.385086, C15, 2.869969
1110.485049, C15, 8.900069
1110.585011, C15, 4.862835
1113.383966, C15, 3.563118
1128.978139, C15, 3.703304
1142.573059, C15, 6.054039
1142.673021, C15, 9.968521
1142.772984, C15, 10.05154
1144.072498, C15, 10.14531
1144.172461, C15, 14.66489
1145.471975, C15, 3.162481
1175.160882, C15, 4.770981
1175.260844, C15, 6.995298
1177.859873, C15, 2.715153
1178.259724, C15, 4.363994
1193.454046, C15, 3.032587
1202.450684, C15, 3.797219
1204.349975, C15, 7.243783
1204.5499, C15, 10.50691
1211.247397, C15, 2.674096
1214.146314, C15, 7.160356
1214.246277, C15, 10.72605
1214.346239, C15, 9.480787
1214.446202, C15, 5.90538
1214.646127, C15, 4.444221
1241.036266, C15, 6.149042
1271.324948, C15, 3.823483
1271.924724, C15, 3.182505
1420.667541, C15, 2.828259
1420.767465, C15, 5.333745
1421.666781, C15, 10.28803
1421.766705, C15, 11.38828
1421.866629, C15, 5.838619
1421.966553, C15, 4.358564
1422.066477, C15, 6.954639
1424.664502, C15, 3.620903
1424.764426, C15, 5.001388
1425.064198, C15, 3.292037
1425.164122, C15, 5.878607
1432.558499, C15, 6.347223
1432.658423, C15, 9.647178
1432.758347, C15, 3.704634
1433.158043, C15, 8.98656
1433.257967, C15, 13.94592
1433.357891, C15, 2.435741
1448.846113, C15, 6.856977
1448.946037, C15, 7.80351
1449.045961, C15, 3.774603
1449.145885, C15, 8.110449
1470.129928, C15, 8.31681
1486.817238, C15, 6.350564
1486.917162, C15, 6.40133
1491.913363, C15, 4.346965
1492.013287, C15, 11.85592
1492.113211, C15, 3.616032
1507.801281, C15, 4.217625
1507.901205, C15, 10.92147
1508.001129, C15, 8.374899
1508.101053, C15, 7.761326
1508.500749, C15, 3.093212
1508.700597, C15, 8.534935
1508.800521, C15, 10.86219
1549.469595, C15, 3.923314
1549.569519, C15, 8.378507
1549.669443, C15, 7.370789
1560.461236, C15, 7.37843
1560.56116, C15, 9.828386
1560.761009, C15, 9.251814
1560.860933, C15, 8.819115
1560.960857, C15, 2.727737
1561.060781, C15, 3.364538
1571.452878, C15, 9.279845
1571.552802, C15, 6.364239
1579.246951, C15, 5.203878
1579.346875, C15, 8.4119
1579.446799, C15, 8.928618
1599.63145, C15, 4.508536
1599.731374, C15, 7.018961
1599.831298, C15, 10.70875
1599.931222, C15, 7.599581
1600.031146, C15, 5.924084
1600.13107, C15, 2.672911
1600.330918, C15, 4.989948
1600.430842, C15, 8.228323
1600.930462, C15, 3.050833
1635.304323, C15, 4.215459
1635.404247, C15, 8.114285
1635.704019, C15, 2.467515
1635.903867, C15, 2.640782
1636.003791, C15, 3.286064
1638.901587, C15, 2.504134
1646.19604, C15, 2.788842
1658.186922, C15, 6.44631
1658.286846, C15, 9.768901
1658.38677, C15, 3.746078
1675.07408, C15, 2.939126
1677.871953, C15, 8.36507
1677.971877, C15, 11.43075
1678.071801, C15, 5.395029
1688.26405, C15, 6.582139
1688.363974, C15, 6.864576
1688.463898, C15, 6.936086
1688.563822, C15, 3.201372
1701.154248, C15, 2.968958
1701.254172, C15, 7.021265
1760.808884, C15, 6.910517
1760.908808, C15, 8.249111
1761.008732, C15, 8.73465
1761.108656, C15, 9.021717
1800.478718, C15, 7.07585
1804.075982, C15, 2.579035
1823.561165, C15, 7.41082
1823.661089, C15, 8.349154
1823.761013, C15, 8.013353
1829.65653, C15, 2.727126
1830.955542, C15, 2.892445
1831.055466, C15, 8.509158
1831.15539, C15, 7.122363
1831.255314, C15, 4.634569
1843.645892, C15, 2.707109
1843.745816, C15, 3.191271
1846.443764, C15, 3.433203
1846.543688, C15, 10.40683
1846.643612, C15, 9.384026
1846.743536, C15, 2.870199
1883.815345, C15, 2.695316
1883.915269, C15, 7.947521
1884.015193, C15, 6.193921
1897.105239, C15, 3.100779
1912.793309, C15, 2.780106
1912.893233, C15, 4.85465
1912.993157, C15, 7.346247
1925.883355, C15, 4.304765
1925.983279, C15, 9.262444
1926.083203, C15, 7.894876
1926.183127, C15, 5.127928
1926.283051, C15, 2.59745
1926.482899, C15, 5.796202
1926.582823, C15, 8.928099
1926.682747, C15, 6.657442
1926.782671, C15, 5.291862
1928.081683, C15, 11.72817
1928.181607, C15, 7.333891
1928.481379, C15, 3.339701
1953.662231, C15, 3.22131
1953.762155, C15, 3.112099
1962.455544, C15, 5.758529
1962.655392, C15, 3.184762
1962.755316, C15, 9.336902
1962.85524, C15, 6.198183
1963.055088, C15, 2.437761
1963.155012, C15, 3.884693
1963.254936, C15, 7.138922
1964.953644, C15, 3.517062
2003.024694, C15, 6.623843
2021.910332, C15, 3.265706
2024.10866, C15, 6.088472
2024.208584, C15, 7.98007
2027.006457, C15, 10.76272
2027.106381, C15, 6.287332
2027.206305, C15, 10.65902
2027.306229, C15, 7.709324
2048.390196, C15, 6.546365
2048.49012, C15, 6.288748
2048.590044, C15, 7.205866
76.171537, C16, 4.17676
76.2715, C16, 3.677138
76.37146300000001, C16, 4.306787
76.571388, C16, 4.306106
76.67135, C16, 4.44087
108.159584, C16, 3.04915
206.92268, C16, 3.078696
207.022643, C16, 3.846354
292.790594, C16, 2.560047
293.090482, C16, 2.48181
314.582451, C16, 2.883562
314.882339, C16, 5.415328
314.982302, C16, 2.990182
360.165418, C16, 3.46984
361.964746, C16, 5.478808
362.064708, C16, 3.834418
362.164671, C16, 3.264998
362.364596, C16, 2.958598
422.54211, C16, 2.516354
422.742035, C16, 4.505462
425.141139, C16, 2.893726
455.629746, C16, 3.447191
455.729709, C16, 4.182014
455.829672, C16, 2.474041
455.929634, C16, 2.582814
489.816972, C16, 5.595343
489.916934, C16, 2.726518
490.11686, C16, 3.352881
548.095195, C16, 2.611095
626.665836, C16, 3.02711
626.765799, C16, 4.423628
626.865761, C16, 4.059043
626.965724, C16, 4.140841
695.8399879999999, C16, 3.88308
695.93995, C16, 3.546309
757.317016, C16, 6.808884
757.416979, C16, 4.349533
757.516941, C16, 4.190441
757.716866, C16, 5.692166
822.692587, C16, 2.594997
822.79255, C16, 2.450594
822.892513, C16, 2.831822
927.653367, C16, 2.689933
976.135251, C16, 3.373473
976.335176, C16, 3.966085
976.5351010000001, C16, 3.463437
976.6350640000001, C16, 3.791426
977.534728, C16, 2.702691
1086.194125, C16, 2.926667
1086.394051, C16, 3.643774
1123.980006, C16, 4.371895
1124.079969, C16, 3.505832
1124.179931, C16, 4.145015
1124.279894, C16, 3.347768
1192.554382, C16, 4.473621
1235.438358, C16, 4.316721
1235.638283, C16, 2.886845
1235.738246, C16, 4.278805
1412.273924, C16, 2.926139
1507.001889, C16, 3.834872
1548.969975, C16, 2.802594
1561.960097, C16, 4.374903
1579.346875, C16, 4.166755
1579.546723, C16, 3.055634
1579.646647, C16, 3.166668
1600.13107, C16, 2.888543
1600.230994, C16, 2.607494
1644.097636, C16, 5.155321
1644.19756, C16, 3.329681
1675.473776, C16, 3.833276
1675.673624, C16, 4.862708
1675.773548, C16, 3.712338
1701.95364, C16, 3.993027
1702.053564, C16, 4.91399
1702.353336, C16, 2.669845
1714.64399, C16, 4.249236
1715.043686, C16, 4.911085
1729.732516, C16, 2.57998
1746.919446, C16, 3.286603
1747.119294, C16, 2.967791
1818.265192, C16, 2.490167
1827.658049, C16, 3.922682
1831.754934, C16, 3.561566
1831.854858, C16, 3.214761
1876.620816, C16, 4.438268
1940.772033, C16, 3.417078
1971.049009, C16, 2.769564
490.916561, C20, 4.293031
690.841855, C20, 3.425965
798.801515, C20, 2.890955
798.901477, C20, 7.740829
1000.726062, C20, 3.864619
1000.826025, C20, 7.686541
1029.515304, C20, 3.906419
1032.114333, C20, 3.696303
1528.18578, C20, 3.753562
1528.285704, C20, 5.543423
1743.721878, C20, 5.932609
1832.554326, C20, 3.279109
1832.65425, C20, 4.139471
1886.113597, C20, 2.876755
1904.299768, C20, 2.687286
1904.399692, C20, 6.875229
1904.499616, C20, 4.888736
2003.224542, C20, 2.84086
